{"cameraMode":{"drawMode":0,"name":"Shaded","section":"Shading Mode"},"sceneLighting":false,"audioPlay":false,"sceneViewState":{"m_AlwaysRefresh":false,"showFog":true,"showSkybox":false,"showFlares":true,"showImageEffects":true,"showParticleSystems":true,"showVisualEffectGraphs":true,"m_FxEnabled":true},"in2DMode":false,"pivot":{"x":1.8970003128051758,"y":-9.002540588378907,"z":0.6278976798057556},"rotation":{"x":0.42327168583869936,"y":0.5656444430351257,"z":-0.42209821939468386,"w":0.5702104568481445},"size":14.507824897766114,"orthographic":false}